studyName,Sample Number,Species,Region,Island,Stage,Individual ID,Clutch Completion,Date Egg,Culmen Length (mm),Culmen Depth (mm),Flipper Length (mm),Body Mass (g),Sex,Delta 15 N (o/oo),Delta 13 C (o/oo),Comments
PAL0708,2,(Pygoscelis adeliae),Anvers,Torgersen,"Adult, 1 Egg Stage",N1A2,Yes,2007-11-11,39.5,17.4,186.0,3800.0,FEMALE,8.94956,-24.69454,No comment found
PAL0708,3,(Pygoscelis adeliae),Anvers,Torgersen,"Adult, 1 Egg Stage",N2A1,Yes,2007-11-16,40.3,18.0,195.0,3250.0,FEMALE,8.36821,-25.33302,No comment found
PAL0708,5,(Pygoscelis adeliae),Anvers,Torgersen,"Adult, 1 Egg Stage",N3A1,Yes,2007-11-16,36.7,19.3,193.0,3450.0,FEMALE,8.76651,-25.32426,No comment found
PAL0708,6,(Pygoscelis adeliae),Anvers,Torgersen,"Adult, 1 Egg Stage",N3A2,Yes,2007-11-16,39.3,20.6,190.0,3650.0,MALE,8.66496,-25.29805,No comment found
PAL0708,7,(Pygoscelis adeliae),Anvers,Torgersen,"Adult, 1 Egg Stage",N4A1,No,2007-11-15,38.9,17.8,181.0,3625.0,FEMALE,9.18718,-25.21799,Nest never observed with full clutch.
PAL0708,8,(Pygoscelis adeliae),Anvers,Torgersen,"Adult, 1 Egg Stage",N4A2,No,2007-11-15,39.2,19.6,195.0,4675.0,MALE,9.4606,-24.89958,Nest never observed with full clutch.
PAL0708,15,(Pygoscelis adeliae),Anvers,Torgersen,"Adult, 1 Egg Stage",N8A1,Yes,2007-11-16,34.6,21.1,198.0,4400.0,MALE,8.55583,-25.22588,No comment found
PAL0708,17,(Pygoscelis adeliae),Anvers,Torgersen,"Adult, 1 Egg Stage",N9A1,Yes,2007-11-12,38.7,19.0,195.0,3450.0,FEMALE,9.18528,-25.06691,No comment found
PAL0708,18,(Pygoscelis adeliae),Anvers,Torgersen,"Adult, 1 Egg Stage",N9A2,Yes,2007-11-12,42.5,20.7,197.0,4500.0,MALE,8.67538,-25.13993,No comment found
PAL0708,19,(Pygoscelis adeliae),Anvers,Torgersen,"Adult, 1 Egg Stage",N10A1,Yes,2007-11-16,34.4,18.4,184.0,3325.0,FEMALE,8.47827,-25.23319,No comment found
PAL0708,20,(Pygoscelis adeliae),Anvers,Torgersen,"Adult, 1 Egg Stage",N10A2,Yes,2007-11-16,46.0,21.5,194.0,4200.0,MALE,9.11616,-24.77227,No comment found
PAL0708,21,(Pygoscelis adeliae),Anvers,Biscoe,"Adult, 1 Egg Stage",N11A1,Yes,2007-11-12,37.8,18.3,174.0,3400.0,FEMALE,8.73762,-25.09383,No comment found
PAL0708,22,(Pygoscelis adeliae),Anvers,Biscoe,"Adult, 1 Egg Stage",N11A2,Yes,2007-11-12,37.7,18.7,180.0,3600.0,MALE,8.66271,-25.0639,No comment found
PAL0708,23,(Pygoscelis adeliae),Anvers,Biscoe,"Adult, 1 Egg Stage",N12A1,Yes,2007-11-12,35.9,19.2,189.0,3800.0,FEMALE,9.22286,-25.03474,No comment found
PAL0708,24,(Pygoscelis adeliae),Anvers,Biscoe,"Adult, 1 Egg Stage",N12A2,Yes,2007-11-12,38.2,18.1,185.0,3950.0,MALE,8.43423,-25.22664,No comment found
PAL0708,25,(Pygoscelis adeliae),Anvers,Biscoe,"Adult, 1 Egg Stage",N13A1,Yes,2007-11-10,38.8,17.2,180.0,3800.0,MALE,9.63954,-25.29856,No comment found
PAL0708,26,(Pygoscelis adeliae),Anvers,Biscoe,"Adult, 1 Egg Stage",N13A2,Yes,2007-11-10,35.3,18.9,187.0,3800.0,FEMALE,9.21292,-24.3613,No comment found
PAL0708,27,(Pygoscelis adeliae),Anvers,Biscoe,"Adult, 1 Egg Stage",N17A1,Yes,2007-11-12,40.6,18.6,183.0,3550.0,MALE,8.93997,-25.36288,No comment found
PAL0708,28,(Pygoscelis adeliae),Anvers,Biscoe,"Adult, 1 Egg Stage",N17A2,Yes,2007-11-12,40.5,17.9,187.0,3200.0,FEMALE,8.08138,-25.49448,No comment found
PAL0708,29,(Pygoscelis adeliae),Anvers,Biscoe,"Adult, 1 Egg Stage",N18A1,No,2007-11-10,37.9,18.6,172.0,3150.0,FEMALE,8.38404,-25.19837,Nest never observed with full clutch.
PAL0708,30,(Pygoscelis adeliae),Anvers,Biscoe,"Adult, 1 Egg Stage",N18A2,No,2007-11-10,40.5,18.9,180.0,3950.0,MALE,8.90027,-25.11609,Nest never observed with full clutch.
PAL0708,31,(Pygoscelis adeliae),Anvers,Dream,"Adult, 1 Egg Stage",N21A1,Yes,2007-11-09,39.5,16.7,178.0,3250.0,FEMALE,9.69756,-25.11223,No comment found
PAL0708,32,(Pygoscelis adeliae),Anvers,Dream,"Adult, 1 Egg Stage",N21A2,Yes,2007-11-09,37.2,18.1,178.0,3900.0,MALE,9.72764,-25.0102,No comment found
PAL0708,33,(Pygoscelis adeliae),Anvers,Dream,"Adult, 1 Egg Stage",N22A1,Yes,2007-11-09,39.5,17.8,188.0,3300.0,FEMALE,9.66523,-25.0602,No comment found
PAL0708,34,(Pygoscelis adeliae),Anvers,Dream,"Adult, 1 Egg Stage",N22A2,Yes,2007-11-09,40.9,18.9,184.0,3900.0,MALE,8.79665,-25.14591,No comment found
PAL0708,35,(Pygoscelis adeliae),Anvers,Dream,"Adult, 1 Egg Stage",N23A1,Yes,2007-11-16,36.4,17.0,195.0,3325.0,FEMALE,9.17847,-25.23061,No comment found
PAL0708,36,(Pygoscelis adeliae),Anvers,Dream,"Adult, 1 Egg Stage",N23A2,Yes,2007-11-16,39.2,21.1,196.0,4150.0,MALE,9.15308,-25.03469,No comment found
PAL0708,37,(Pygoscelis adeliae),Anvers,Dream,"Adult, 1 Egg Stage",N24A1,Yes,2007-11-16,38.8,20.0,190.0,3950.0,MALE,9.18985,-25.12255,No comment found
PAL0708,38,(Pygoscelis adeliae),Anvers,Dream,"Adult, 1 Egg Stage",N24A2,Yes,2007-11-16,42.2,18.5,180.0,3550.0,FEMALE,8.04787,-25.49523,No comment found
PAL0708,39,(Pygoscelis adeliae),Anvers,Dream,"Adult, 1 Egg Stage",N25A1,No,2007-11-13,37.6,19.3,181.0,3300.0,FEMALE,9.41131,-25.04169,Nest never observed with full clutch.
PAL0708,41,(Pygoscelis adeliae),Anvers,Dream,"Adult, 1 Egg Stage",N26A1,Yes,2007-11-16,36.5,18.0,182.0,3150.0,FEMALE,9.68933,-24.4228,No comment found
PAL0708,43,(Pygoscelis adeliae),Anvers,Dream,"Adult, 1 Egg Stage",N27A1,Yes,2007-11-19,36.0,18.5,186.0,3100.0,FEMALE,9.50772,-25.03492,No comment found
PAL0708,44,(Pygoscelis adeliae),Anvers,Dream,"Adult, 1 Egg Stage",N27A2,Yes,2007-11-19,44.1,19.7,196.0,4400.0,MALE,9.2372,-24.52698,No comment found
PAL0708,45,(Pygoscelis adeliae),Anvers,Dream,"Adult, 1 Egg Stage",N28A1,Yes,2007-11-16,37.0,16.9,185.0,3000.0,FEMALE,9.36392,-25.01745,No comment found
PAL0708,46,(Pygoscelis adeliae),Anvers,Dream,"Adult, 1 Egg Stage",N28A2,Yes,2007-11-16,39.6,18.8,190.0,4600.0,MALE,9.49106,-24.10255,No comment found
PAL0708,49,(Pygoscelis adeliae),Anvers,Dream,"Adult, 1 Egg Stage",N30A1,Yes,2007-11-13,36.0,17.9,190.0,3450.0,FEMALE,9.51784,-25.07683,No comment found
PAL0708,50,(Pygoscelis adeliae),Anvers,Dream,"Adult, 1 Egg Stage",N30A2,Yes,2007-11-13,42.3,21.2,191.0,4150.0,MALE,8.87988,-25.18543,No comment found
PAL0809,51,(Pygoscelis adeliae),Anvers,Biscoe,"Adult, 1 Egg Stage",N21A1,Yes,2008-11-06,39.6,17.7,186.0,3500.0,FEMALE,8.46616,-26.12989,No comment found
PAL0809,52,(Pygoscelis adeliae),Anvers,Biscoe,"Adult, 1 Egg Stage",N21A2,Yes,2008-11-06,40.1,18.9,188.0,4300.0,MALE,8.51362,-26.55602,No comment found
PAL0809,53,(Pygoscelis adeliae),Anvers,Biscoe,"Adult, 1 Egg Stage",N22A1,Yes,2008-11-09,35.0,17.9,190.0,3450.0,FEMALE,8.19539,-26.17213,No comment found
PAL0809,54,(Pygoscelis adeliae),Anvers,Biscoe,"Adult, 1 Egg Stage",N22A2,Yes,2008-11-09,42.0,19.5,200.0,4050.0,MALE,8.48095,-26.3146,No comment found
PAL0809,55,(Pygoscelis adeliae),Anvers,Biscoe,"Adult, 1 Egg Stage",N23A1,Yes,2008-11-09,34.5,18.1,187.0,2900.0,FEMALE,8.41837,-26.54718,No comment found
PAL0809,56,(Pygoscelis adeliae),Anvers,Biscoe,"Adult, 1 Egg Stage",N23A2,Yes,2008-11-09,41.4,18.6,191.0,3700.0,MALE,8.35396,-26.27853,No comment found
PAL0809,57,(Pygoscelis adeliae),Anvers,Biscoe,"Adult, 1 Egg Stage",N24A1,Yes,2008-11-15,39.0,17.5,186.0,3550.0,FEMALE,8.57199,-26.07188,No comment found
PAL0809,58,(Pygoscelis adeliae),Anvers,Biscoe,"Adult, 1 Egg Stage",N24A2,Yes,2008-11-15,40.6,18.8,193.0,3800.0,MALE,8.56674,-25.98843,No comment found
PAL0809,59,(Pygoscelis adeliae),Anvers,Biscoe,"Adult, 1 Egg Stage",N25A1,Yes,2008-11-15,36.5,16.6,181.0,2850.0,FEMALE,9.07878,-25.88156,No comment found
PAL0809,60,(Pygoscelis adeliae),Anvers,Biscoe,"Adult, 1 Egg Stage",N25A2,Yes,2008-11-15,37.6,19.1,194.0,3750.0,MALE,9.108,-25.89677,No comment found
PAL0809,61,(Pygoscelis adeliae),Anvers,Biscoe,"Adult, 1 Egg Stage",N27A1,Yes,2008-11-13,35.7,16.9,185.0,3150.0,FEMALE,8.96472,-26.40943,No comment found
PAL0809,62,(Pygoscelis adeliae),Anvers,Biscoe,"Adult, 1 Egg Stage",N27A2,Yes,2008-11-13,41.3,21.1,195.0,4400.0,MALE,8.74802,-26.37809,No comment found
PAL0809,63,(Pygoscelis adeliae),Anvers,Biscoe,"Adult, 1 Egg Stage",N28A1,Yes,2008-11-13,37.6,17.0,185.0,3600.0,FEMALE,8.58063,-26.21569,No comment found
PAL0809,64,(Pygoscelis adeliae),Anvers,Biscoe,"Adult, 1 Egg Stage",N28A2,Yes,2008-11-13,41.1,18.2,192.0,4050.0,MALE,8.62264,-26.60023,No comment found
PAL0809,65,(Pygoscelis adeliae),Anvers,Biscoe,"Adult, 1 Egg Stage",N29A1,Yes,2008-11-13,36.4,17.1,184.0,2850.0,FEMALE,8.62623,-26.1165,No comment found
PAL0809,66,(Pygoscelis adeliae),Anvers,Biscoe,"Adult, 1 Egg Stage",N29A2,Yes,2008-11-13,41.6,18.0,192.0,3950.0,MALE,8.85562,-26.09294,No comment found
PAL0809,67,(Pygoscelis adeliae),Anvers,Biscoe,"Adult, 1 Egg Stage",N30A1,Yes,2008-11-06,35.5,16.2,195.0,3350.0,FEMALE,8.56192,-25.95541,No comment found
PAL0809,68,(Pygoscelis adeliae),Anvers,Biscoe,"Adult, 1 Egg Stage",N30A2,Yes,2008-11-06,41.1,19.1,188.0,4100.0,MALE,8.71078,-25.81012,No comment found
PAL0809,69,(Pygoscelis adeliae),Anvers,Torgersen,"Adult, 1 Egg Stage",N32A1,No,2008-11-11,35.9,16.6,190.0,3050.0,FEMALE,8.47781,-26.07821,Nest never observed with full clutch.
PAL0809,70,(Pygoscelis adeliae),Anvers,Torgersen,"Adult, 1 Egg Stage",N32A2,No,2008-11-11,41.8,19.4,198.0,4450.0,MALE,8.86853,-26.06209,Nest never observed with full clutch.
PAL0809,71,(Pygoscelis adeliae),Anvers,Torgersen,"Adult, 1 Egg Stage",N34A1,Yes,2008-11-14,33.5,19.0,190.0,3600.0,FEMALE,7.88863,-26.63085,No comment found
PAL0809,72,(Pygoscelis adeliae),Anvers,Torgersen,"Adult, 1 Egg Stage",N34A2,Yes,2008-11-14,39.7,18.4,190.0,3900.0,MALE,9.29808,-25.23453,No comment found
PAL0809,73,(Pygoscelis adeliae),Anvers,Torgersen,"Adult, 1 Egg Stage",N35A1,Yes,2008-11-11,39.6,17.2,196.0,3550.0,FEMALE,8.33524,-26.55351,No comment found
PAL0809,74,(Pygoscelis adeliae),Anvers,Torgersen,"Adult, 1 Egg Stage",N35A2,Yes,2008-11-11,45.8,18.9,197.0,4150.0,MALE,8.18658,-26.45978,No comment found
PAL0809,75,(Pygoscelis adeliae),Anvers,Torgersen,"Adult, 1 Egg Stage",N36A1,Yes,2008-11-08,35.5,17.5,190.0,3700.0,FEMALE,8.70642,-26.15003,No comment found
PAL0809,76,(Pygoscelis adeliae),Anvers,Torgersen,"Adult, 1 Egg Stage",N36A2,Yes,2008-11-08,42.8,18.5,195.0,4250.0,MALE,8.2993,-26.38986,No comment found
PAL0809,77,(Pygoscelis adeliae),Anvers,Torgersen,"Adult, 1 Egg Stage",N37A1,Yes,2008-11-06,40.9,16.8,191.0,3700.0,FEMALE,8.47257,-26.02002,No comment found
PAL0809,78,(Pygoscelis adeliae),Anvers,Torgersen,"Adult, 1 Egg Stage",N37A2,Yes,2008-11-06,37.2,19.4,184.0,3900.0,MALE,8.3554,-26.44787,No comment found
PAL0809,79,(Pygoscelis adeliae),Anvers,Torgersen,"Adult, 1 Egg Stage",N38A1,Yes,2008-11-09,36.2,16.1,187.0,3550.0,FEMALE,7.82381,-26.51382,No comment found
PAL0809,80,(Pygoscelis adeliae),Anvers,Torgersen,"Adult, 1 Egg Stage",N38A2,Yes,2008-11-09,42.1,19.1,195.0,4000.0,MALE,9.05736,-25.81513,No comment found
PAL0809,81,(Pygoscelis adeliae),Anvers,Torgersen,"Adult, 1 Egg Stage",N39A1,Yes,2008-11-02,34.6,17.2,189.0,3200.0,FEMALE,7.69778,-26.5387,No comment found
PAL0809,82,(Pygoscelis adeliae),Anvers,Torgersen,"Adult, 1 Egg Stage",N39A2,Yes,2008-11-02,42.9,17.6,196.0,4700.0,MALE,8.63259,-26.23027,No comment found
PAL0809,83,(Pygoscelis adeliae),Anvers,Torgersen,"Adult, 1 Egg Stage",N40A1,Yes,2008-11-07,36.7,18.8,187.0,3800.0,FEMALE,7.88494,-26.24837,No comment found
PAL0809,84,(Pygoscelis adeliae),Anvers,Torgersen,"Adult, 1 Egg Stage",N40A2,Yes,2008-11-07,35.1,19.4,193.0,4200.0,MALE,8.90002,-26.46254,No comment found
PAL0809,85,(Pygoscelis adeliae),Anvers,Dream,"Adult, 1 Egg Stage",N41A1,Yes,2008-11-17,37.3,17.8,191.0,3350.0,FEMALE,8.32718,-26.38396,No comment found
PAL0809,86,(Pygoscelis adeliae),Anvers,Dream,"Adult, 1 Egg Stage",N41A2,Yes,2008-11-17,41.3,20.3,194.0,3550.0,MALE,9.14863,-26.09635,No comment found
PAL0809,87,(Pygoscelis adeliae),Anvers,Dream,"Adult, 1 Egg Stage",N42A1,Yes,2008-11-08,36.3,19.5,190.0,3800.0,MALE,8.57087,-26.22227,No comment found
PAL0809,88,(Pygoscelis adeliae),Anvers,Dream,"Adult, 1 Egg Stage",N42A2,Yes,2008-11-08,36.9,18.6,189.0,3500.0,FEMALE,8.59147,-26.08165,No comment found
PAL0809,89,(Pygoscelis adeliae),Anvers,Dream,"Adult, 1 Egg Stage",N44A1,Yes,2008-11-08,38.3,19.2,189.0,3950.0,MALE,9.07826,-26.12417,No comment found
PAL0809,90,(Pygoscelis adeliae),Anvers,Dream,"Adult, 1 Egg Stage",N44A2,Yes,2008-11-08,38.9,18.8,190.0,3600.0,FEMALE,8.36936,-26.11199,No comment found
PAL0809,91,(Pygoscelis adeliae),Anvers,Dream,"Adult, 1 Egg Stage",N45A1,Yes,2008-11-14,35.7,18.0,202.0,3550.0,FEMALE,8.46531,-26.05621,No comment found
PAL0809,92,(Pygoscelis adeliae),Anvers,Dream,"Adult, 1 Egg Stage",N45A2,Yes,2008-11-14,41.1,18.1,205.0,4300.0,MALE,8.77018,-25.83352,No comment found
PAL0809,93,(Pygoscelis adeliae),Anvers,Dream,"Adult, 1 Egg Stage",N46A1,Yes,2008-11-05,34.0,17.1,185.0,3400.0,FEMALE,8.01485,-26.69543,No comment found
PAL0809,94,(Pygoscelis adeliae),Anvers,Dream,"Adult, 1 Egg Stage",N46A2,Yes,2008-11-05,39.6,18.1,186.0,4450.0,MALE,8.49915,-26.42406,No comment found
PAL0809,95,(Pygoscelis adeliae),Anvers,Dream,"Adult, 1 Egg Stage",N48A1,Yes,2008-11-17,36.2,17.3,187.0,3300.0,FEMALE,8.90723,-26.30037,No comment found
PAL0809,96,(Pygoscelis adeliae),Anvers,Dream,"Adult, 1 Egg Stage",N48A2,Yes,2008-11-17,40.8,18.9,208.0,4300.0,MALE,8.48204,-26.57941,No comment found
PAL0809,97,(Pygoscelis adeliae),Anvers,Dream,"Adult, 1 Egg Stage",N49A1,Yes,2008-11-08,38.1,18.6,190.0,3700.0,FEMALE,8.10277,-26.50086,No comment found
PAL0809,98,(Pygoscelis adeliae),Anvers,Dream,"Adult, 1 Egg Stage",N49A2,Yes,2008-11-08,40.3,18.5,196.0,4350.0,MALE,8.39459,-26.01152,No comment found
PAL0809,99,(Pygoscelis adeliae),Anvers,Dream,"Adult, 1 Egg Stage",N50A1,Yes,2008-11-10,33.1,16.1,178.0,2900.0,FEMALE,9.04218,-26.15775,No comment found
PAL0809,100,(Pygoscelis adeliae),Anvers,Dream,"Adult, 1 Egg Stage",N50A2,Yes,2008-11-10,43.2,18.5,192.0,4100.0,MALE,8.97025,-26.03679,No comment found
PAL0910,101,(Pygoscelis adeliae),Anvers,Biscoe,"Adult, 1 Egg Stage",N47A1,Yes,2009-11-09,35.0,17.9,192.0,3725.0,FEMALE,8.84451,-26.28055,No comment found
PAL0910,102,(Pygoscelis adeliae),Anvers,Biscoe,"Adult, 1 Egg Stage",N47A2,Yes,2009-11-09,41.0,20.0,203.0,4725.0,MALE,9.01079,-26.38085,No comment found
PAL0910,103,(Pygoscelis adeliae),Anvers,Biscoe,"Adult, 1 Egg Stage",N49A1,Yes,2009-11-15,37.7,16.0,183.0,3075.0,FEMALE,9.2151,-26.2253,No comment found
PAL0910,104,(Pygoscelis adeliae),Anvers,Biscoe,"Adult, 1 Egg Stage",N49A2,Yes,2009-11-15,37.8,20.0,190.0,4250.0,MALE,9.51929,-25.69199,No comment found
PAL0910,105,(Pygoscelis adeliae),Anvers,Biscoe,"Adult, 1 Egg Stage",N51A1,Yes,2009-11-15,37.9,18.6,193.0,2925.0,FEMALE,9.02642,-25.86482,No comment found
PAL0910,106,(Pygoscelis adeliae),Anvers,Biscoe,"Adult, 1 Egg Stage",N51A2,Yes,2009-11-15,39.7,18.9,184.0,3550.0,MALE,8.85699,-25.80208,No comment found
PAL0910,107,(Pygoscelis adeliae),Anvers,Biscoe,"Adult, 1 Egg Stage",N53A1,Yes,2009-11-15,38.6,17.2,199.0,3750.0,FEMALE,8.77322,-26.48973,No comment found
PAL0910,108,(Pygoscelis adeliae),Anvers,Biscoe,"Adult, 1 Egg Stage",N53A2,Yes,2009-11-15,38.2,20.0,190.0,3900.0,MALE,9.59245,-25.70711,No comment found
PAL0910,109,(Pygoscelis adeliae),Anvers,Biscoe,"Adult, 1 Egg Stage",N55A1,Yes,2009-11-20,38.1,17.0,181.0,3175.0,FEMALE,9.79532,-25.27385,No comment found
PAL0910,110,(Pygoscelis adeliae),Anvers,Biscoe,"Adult, 1 Egg Stage",N55A2,Yes,2009-11-20,43.2,19.0,197.0,4775.0,MALE,9.31735,-25.45171,No comment found
PAL0910,111,(Pygoscelis adeliae),Anvers,Biscoe,"Adult, 1 Egg Stage",N58A1,Yes,2009-11-12,38.1,16.5,198.0,3825.0,FEMALE,8.43951,-26.57563,No comment found
PAL0910,112,(Pygoscelis adeliae),Anvers,Biscoe,"Adult, 1 Egg Stage",N58A2,Yes,2009-11-12,45.6,20.3,191.0,4600.0,MALE,8.65466,-26.32909,No comment found
PAL0910,113,(Pygoscelis adeliae),Anvers,Biscoe,"Adult, 1 Egg Stage",N60A1,Yes,2009-11-15,39.7,17.7,193.0,3200.0,FEMALE,9.02657,-26.06203,No comment found
PAL0910,114,(Pygoscelis adeliae),Anvers,Biscoe,"Adult, 1 Egg Stage",N60A2,Yes,2009-11-15,42.2,19.5,197.0,4275.0,MALE,8.80186,-26.41218,No comment found
PAL0910,115,(Pygoscelis adeliae),Anvers,Biscoe,"Adult, 1 Egg Stage",N61A1,Yes,2009-11-17,39.6,20.7,191.0,3900.0,FEMALE,8.80967,-26.78958,No comment found
PAL0910,116,(Pygoscelis adeliae),Anvers,Biscoe,"Adult, 1 Egg Stage",N61A2,Yes,2009-11-17,42.7,18.3,196.0,4075.0,MALE,8.91434,-26.42018,No comment found
PAL0910,117,(Pygoscelis adeliae),Anvers,Torgersen,"Adult, 1 Egg Stage",N63A1,Yes,2009-11-18,38.6,17.0,188.0,2900.0,FEMALE,9.18021,-25.77264,No comment found
PAL0910,118,(Pygoscelis adeliae),Anvers,Torgersen,"Adult, 1 Egg Stage",N63A2,Yes,2009-11-18,37.3,20.5,199.0,3775.0,MALE,9.49645,-26.36678,No comment found
PAL0910,119,(Pygoscelis adeliae),Anvers,Torgersen,"Adult, 1 Egg Stage",N64A1,Yes,2009-11-22,35.7,17.0,189.0,3350.0,FEMALE,8.96436,-23.90309,No comment found
PAL0910,120,(Pygoscelis adeliae),Anvers,Torgersen,"Adult, 1 Egg Stage",N64A2,Yes,2009-11-22,41.1,18.6,189.0,3325.0,MALE,9.32277,-26.09989,No comment found
PAL0910,121,(Pygoscelis adeliae),Anvers,Torgersen,"Adult, 1 Egg Stage",N66A1,No,2009-11-17,36.2,17.2,187.0,3150.0,FEMALE,9.04296,-26.19444,Nest never observed with full clutch.
PAL0910,122,(Pygoscelis adeliae),Anvers,Torgersen,"Adult, 1 Egg Stage",N66A2,No,2009-11-17,37.7,19.8,198.0,3500.0,MALE,9.11066,-26.42563,Nest never observed with full clutch.
PAL0910,123,(Pygoscelis adeliae),Anvers,Torgersen,"Adult, 1 Egg Stage",N67A1,Yes,2009-11-16,40.2,17.0,176.0,3450.0,FEMALE,9.30722,-25.61039,No comment found
PAL0910,124,(Pygoscelis adeliae),Anvers,Torgersen,"Adult, 1 Egg Stage",N67A2,Yes,2009-11-16,41.4,18.5,202.0,3875.0,MALE,9.59462,-25.42621,No comment found
PAL0910,125,(Pygoscelis adeliae),Anvers,Torgersen,"Adult, 1 Egg Stage",N69A1,Yes,2009-11-18,35.2,15.9,186.0,3050.0,FEMALE,8.81668,-25.95399,No comment found
PAL0910,126,(Pygoscelis adeliae),Anvers,Torgersen,"Adult, 1 Egg Stage",N69A2,Yes,2009-11-18,40.6,19.0,199.0,4000.0,MALE,9.22537,-25.60826,No comment found
PAL0910,127,(Pygoscelis adeliae),Anvers,Torgersen,"Adult, 1 Egg Stage",N71A1,Yes,2009-11-21,38.8,17.6,191.0,3275.0,FEMALE,8.88098,-25.89741,No comment found
PAL0910,128,(Pygoscelis adeliae),Anvers,Torgersen,"Adult, 1 Egg Stage",N71A2,Yes,2009-11-21,41.5,18.3,195.0,4300.0,MALE,8.52566,-26.0245,No comment found
PAL0910,129,(Pygoscelis adeliae),Anvers,Torgersen,"Adult, 1 Egg Stage",N72A1,Yes,2009-11-18,39.0,17.1,191.0,3050.0,FEMALE,9.19031,-25.73722,No comment found
PAL0910,130,(Pygoscelis adeliae),Anvers,Torgersen,"Adult, 1 Egg Stage",N72A2,Yes,2009-11-18,44.1,18.0,210.0,4000.0,MALE,9.10702,-26.01363,No comment found
PAL0910,131,(Pygoscelis adeliae),Anvers,Torgersen,"Adult, 1 Egg Stage",N73A1,No,2009-11-23,38.5,17.9,190.0,3325.0,FEMALE,8.9846,-25.57956,Nest never observed with full clutch.
PAL0910,132,(Pygoscelis adeliae),Anvers,Torgersen,"Adult, 1 Egg Stage",N73A2,No,2009-11-23,43.1,19.2,197.0,3500.0,MALE,8.86495,-26.1396,Nest never observed with full clutch.
PAL0910,133,(Pygoscelis adeliae),Anvers,Dream,"Adult, 1 Egg Stage",N76A1,Yes,2009-11-10,36.8,18.5,193.0,3500.0,FEMALE,8.98705,-25.57647,No comment found
PAL0910,134,(Pygoscelis adeliae),Anvers,Dream,"Adult, 1 Egg Stage",N76A2,Yes,2009-11-10,37.5,18.5,199.0,4475.0,MALE,8.56708,-26.49288,No comment found
PAL0910,135,(Pygoscelis adeliae),Anvers,Dream,"Adult, 1 Egg Stage",N77A1,Yes,2009-11-13,38.1,17.6,187.0,3425.0,FEMALE,8.717,-25.77951,No comment found
PAL0910,136,(Pygoscelis adeliae),Anvers,Dream,"Adult, 1 Egg Stage",N77A2,Yes,2009-11-13,41.1,17.5,190.0,3900.0,MALE,8.94365,-26.06943,No comment found
PAL0910,137,(Pygoscelis adeliae),Anvers,Dream,"Adult, 1 Egg Stage",N78A1,Yes,2009-11-16,35.6,17.5,191.0,3175.0,FEMALE,8.75984,-25.97696,No comment found
PAL0910,138,(Pygoscelis adeliae),Anvers,Dream,"Adult, 1 Egg Stage",N78A2,Yes,2009-11-16,40.2,20.1,200.0,3975.0,MALE,8.95998,-26.32601,No comment found
PAL0910,139,(Pygoscelis adeliae),Anvers,Dream,"Adult, 1 Egg Stage",N79A1,No,2009-11-16,37.0,16.5,185.0,3400.0,FEMALE,8.61651,-26.07021,Nest never observed with full clutch.
PAL0910,140,(Pygoscelis adeliae),Anvers,Dream,"Adult, 1 Egg Stage",N79A2,No,2009-11-16,39.7,17.9,193.0,4250.0,MALE,9.25769,-25.88798,Nest never observed with full clutch.
PAL0910,141,(Pygoscelis adeliae),Anvers,Dream,"Adult, 1 Egg Stage",N80A1,Yes,2009-11-14,40.2,17.1,193.0,3400.0,FEMALE,9.2881,-25.54976,No comment found
PAL0910,142,(Pygoscelis adeliae),Anvers,Dream,"Adult, 1 Egg Stage",N80A2,Yes,2009-11-14,40.6,17.2,187.0,3475.0,MALE,9.23408,-26.01549,No comment found
PAL0910,143,(Pygoscelis adeliae),Anvers,Dream,"Adult, 1 Egg Stage",N81A1,Yes,2009-11-16,32.1,15.5,188.0,3050.0,FEMALE,8.79787,-26.61075,No comment found
PAL0910,144,(Pygoscelis adeliae),Anvers,Dream,"Adult, 1 Egg Stage",N81A2,Yes,2009-11-16,40.7,17.0,190.0,3725.0,MALE,9.05674,-25.79529,No comment found
PAL0910,145,(Pygoscelis adeliae),Anvers,Dream,"Adult, 1 Egg Stage",N82A1,Yes,2009-11-16,37.3,16.8,192.0,3000.0,FEMALE,9.06829,-25.85203,No comment found
PAL0910,146,(Pygoscelis adeliae),Anvers,Dream,"Adult, 1 Egg Stage",N82A2,Yes,2009-11-16,39.0,18.7,185.0,3650.0,MALE,9.22033,-26.03442,No comment found
PAL0910,147,(Pygoscelis adeliae),Anvers,Dream,"Adult, 1 Egg Stage",N83A1,Yes,2009-11-13,39.2,18.6,190.0,4250.0,MALE,9.11006,-25.79549,No comment found
PAL0910,148,(Pygoscelis adeliae),Anvers,Dream,"Adult, 1 Egg Stage",N83A2,Yes,2009-11-13,36.6,18.4,184.0,3475.0,FEMALE,8.68744,-25.8306,No comment found
PAL0910,149,(Pygoscelis adeliae),Anvers,Dream,"Adult, 1 Egg Stage",N84A1,Yes,2009-11-17,36.0,17.8,195.0,3450.0,FEMALE,8.94332,-25.79189,No comment found
PAL0910,150,(Pygoscelis adeliae),Anvers,Dream,"Adult, 1 Egg Stage",N84A2,Yes,2009-11-17,37.8,18.1,193.0,3750.0,MALE,8.97533,-26.03495,No comment found
PAL0910,151,(Pygoscelis adeliae),Anvers,Dream,"Adult, 1 Egg Stage",N85A1,Yes,2009-11-17,36.0,17.1,187.0,3700.0,FEMALE,8.93465,-26.07081,No comment found
PAL0910,152,(Pygoscelis adeliae),Anvers,Dream,"Adult, 1 Egg Stage",N85A2,Yes,2009-11-17,41.5,18.5,201.0,4000.0,MALE,8.8964,-26.06967,No comment found
PAL0708,1,(Pygoscelis papua),Anvers,Biscoe,"Adult, 1 Egg Stage",N31A1,Yes,2007-11-27,46.1,13.2,211.0,4500.0,FEMALE,7.993,-25.5139,No comment found
PAL0708,2,(Pygoscelis papua),Anvers,Biscoe,"Adult, 1 Egg Stage",N31A2,Yes,2007-11-27,50.0,16.3,230.0,5700.0,MALE,8.14756,-25.39369,No comment found
PAL0708,3,(Pygoscelis papua),Anvers,Biscoe,"Adult, 1 Egg Stage",N32A1,Yes,2007-11-27,48.7,14.1,210.0,4450.0,FEMALE,8.14705,-25.46172,No comment found
PAL0708,4,(Pygoscelis papua),Anvers,Biscoe,"Adult, 1 Egg Stage",N32A2,Yes,2007-11-27,50.0,15.2,218.0,5700.0,MALE,8.2554,-25.40075,No comment found
PAL0708,5,(Pygoscelis papua),Anvers,Biscoe,"Adult, 1 Egg Stage",N33A1,Yes,2007-11-18,47.6,14.5,215.0,5400.0,MALE,8.2345,-25.54456,No comment found
PAL0708,6,(Pygoscelis papua),Anvers,Biscoe,"Adult, 1 Egg Stage",N33A2,Yes,2007-11-18,46.5,13.5,210.0,4550.0,FEMALE,7.9953,-25.32829,No comment found
PAL0708,7,(Pygoscelis papua),Anvers,Biscoe,"Adult, 1 Egg Stage",N34A1,Yes,2007-11-27,45.4,14.6,211.0,4800.0,FEMALE,8.24515,-25.46782,No comment found
PAL0708,8,(Pygoscelis papua),Anvers,Biscoe,"Adult, 1 Egg Stage",N34A2,Yes,2007-11-27,46.7,15.3,219.0,5200.0,MALE,8.22673,-25.4276,No comment found
PAL0708,9,(Pygoscelis papua),Anvers,Biscoe,"Adult, 1 Egg Stage",N35A1,Yes,2007-11-27,43.3,13.4,209.0,4400.0,FEMALE,8.13643,-25.32176,No comment found
PAL0708,10,(Pygoscelis papua),Anvers,Biscoe,"Adult, 1 Egg Stage",N35A2,Yes,2007-11-27,46.8,15.4,215.0,5150.0,MALE,8.1631,-25.38017,No comment found
PAL0708,11,(Pygoscelis papua),Anvers,Biscoe,"Adult, 1 Egg Stage",N36A1,No,2007-11-27,40.9,13.7,214.0,4650.0,FEMALE,8.19579,-25.3933,Nest never observed with full clutch.
PAL0708,12,(Pygoscelis papua),Anvers,Biscoe,"Adult, 1 Egg Stage",N36A2,No,2007-11-27,49.0,16.1,216.0,5550.0,MALE,8.10417,-25.50562,Nest never observed with full clutch.
PAL0708,13,(Pygoscelis papua),Anvers,Biscoe,"Adult, 1 Egg Stage",N37A1,Yes,2007-11-29,45.5,13.7,214.0,4650.0,FEMALE,7.77672,-25.4168,No comment found
PAL0708,14,(Pygoscelis papua),Anvers,Biscoe,"Adult, 1 Egg Stage",N37A2,Yes,2007-11-29,48.4,14.6,213.0,5850.0,MALE,7.8208,-25.48025,No comment found
PAL0708,15,(Pygoscelis papua),Anvers,Biscoe,"Adult, 1 Egg Stage",N38A1,Yes,2007-12-03,45.8,14.6,210.0,4200.0,FEMALE,7.79958,-25.62618,No comment found
PAL0708,16,(Pygoscelis papua),Anvers,Biscoe,"Adult, 1 Egg Stage",N38A2,Yes,2007-12-03,49.3,15.7,217.0,5850.0,MALE,8.07137,-25.52473,No comment found
PAL0708,17,(Pygoscelis papua),Anvers,Biscoe,"Adult, 1 Egg Stage",N39A1,Yes,2007-11-27,42.0,13.5,210.0,4150.0,FEMALE,7.63884,-25.52627,No comment found
PAL0708,18,(Pygoscelis papua),Anvers,Biscoe,"Adult, 1 Egg Stage",N39A2,Yes,2007-11-27,49.2,15.2,221.0,6300.0,MALE,8.27376,-25.00169,No comment found
PAL0708,19,(Pygoscelis papua),Anvers,Biscoe,"Adult, 1 Egg Stage",N40A1,Yes,2007-11-27,46.2,14.5,209.0,4800.0,FEMALE,7.84057,-25.37899,No comment found
PAL0708,20,(Pygoscelis papua),Anvers,Biscoe,"Adult, 1 Egg Stage",N40A2,Yes,2007-11-27,48.7,15.1,222.0,5350.0,MALE,7.96491,-25.39587,No comment found
PAL0708,21,(Pygoscelis papua),Anvers,Biscoe,"Adult, 1 Egg Stage",N41A1,Yes,2007-11-27,50.2,14.3,218.0,5700.0,MALE,7.8962,-25.37746,No comment found
PAL0708,22,(Pygoscelis papua),Anvers,Biscoe,"Adult, 1 Egg Stage",N41A2,Yes,2007-11-27,45.1,14.5,215.0,5000.0,FEMALE,7.6322,-25.46569,No comment found
PAL0708,23,(Pygoscelis papua),Anvers,Biscoe,"Adult, 1 Egg Stage",N42A1,Yes,2007-11-27,46.5,14.5,213.0,4400.0,FEMALE,7.90436,-25.3947,No comment found
PAL0708,24,(Pygoscelis papua),Anvers,Biscoe,"Adult, 1 Egg Stage",N42A2,Yes,2007-11-27,46.3,15.8,215.0,5050.0,MALE,7.90971,-25.38157,No comment found
PAL0708,25,(Pygoscelis papua),Anvers,Biscoe,"Adult, 1 Egg Stage",N44A1,Yes,2007-11-29,42.9,13.1,215.0,5000.0,FEMALE,7.68528,-25.39181,No comment found
PAL0708,26,(Pygoscelis papua),Anvers,Biscoe,"Adult, 1 Egg Stage",N44A2,Yes,2007-11-29,46.1,15.1,215.0,5100.0,MALE,7.83733,-25.42826,No comment found
PAL0708,28,(Pygoscelis papua),Anvers,Biscoe,"Adult, 1 Egg Stage",N46A2,Yes,2007-11-29,47.8,15.0,215.0,5650.0,MALE,7.92358,-25.48383,No comment found
PAL0708,29,(Pygoscelis papua),Anvers,Biscoe,"Adult, 1 Egg Stage",N47A1,Yes,2007-11-29,48.2,14.3,210.0,4600.0,FEMALE,7.6887,-25.50811,No comment found
PAL0708,30,(Pygoscelis papua),Anvers,Biscoe,"Adult, 1 Egg Stage",N47A2,Yes,2007-11-29,50.0,15.3,220.0,5550.0,MALE,8.30515,-25.19017,No comment found
PAL0708,32,(Pygoscelis papua),Anvers,Biscoe,"Adult, 1 Egg Stage",N50A2,Yes,2007-11-29,42.8,14.2,209.0,4700.0,FEMALE,7.63452,-25.46327,No comment found
PAL0708,33,(Pygoscelis papua),Anvers,Biscoe,"Adult, 1 Egg Stage",N56A1,Yes,2007-12-03,45.1,14.5,207.0,5050.0,FEMALE,7.97408,-25.53768,No comment found
PAL0708,34,(Pygoscelis papua),Anvers,Biscoe,"Adult, 1 Egg Stage",N56A2,Yes,2007-12-03,59.6,17.0,230.0,6050.0,MALE,7.76843,-25.6821,No comment found
PAL0809,35,(Pygoscelis papua),Anvers,Biscoe,"Adult, 1 Egg Stage",N2A1,Yes,2008-11-13,49.1,14.8,220.0,5150.0,FEMALE,7.89744,-26.63405,No comment found
PAL0809,36,(Pygoscelis papua),Anvers,Biscoe,"Adult, 1 Egg Stage",N2A2,Yes,2008-11-13,48.4,16.3,220.0,5400.0,MALE,8.03659,-26.86127,No comment found
PAL0809,37,(Pygoscelis papua),Anvers,Biscoe,"Adult, 1 Egg Stage",N4A1,Yes,2008-11-02,42.6,13.7,213.0,4950.0,FEMALE,7.96935,-26.70968,No comment found
PAL0809,38,(Pygoscelis papua),Anvers,Biscoe,"Adult, 1 Egg Stage",N4A2,Yes,2008-11-02,44.4,17.3,219.0,5250.0,MALE,8.13746,-26.79093,No comment found
PAL0809,39,(Pygoscelis papua),Anvers,Biscoe,"Adult, 1 Egg Stage",N5A1,Yes,2008-11-09,44.0,13.6,208.0,4350.0,FEMALE,8.01979,-26.68311,No comment found
PAL0809,40,(Pygoscelis papua),Anvers,Biscoe,"Adult, 1 Egg Stage",N5A2,Yes,2008-11-09,48.7,15.7,208.0,5350.0,MALE,8.14776,-26.84506,No comment found
PAL0809,41,(Pygoscelis papua),Anvers,Biscoe,"Adult, 1 Egg Stage",N6A1,No,2008-11-04,42.7,13.7,208.0,3950.0,FEMALE,8.14567,-26.59467,Nest never observed with full clutch.
PAL0809,42,(Pygoscelis papua),Anvers,Biscoe,"Adult, 1 Egg Stage",N6A2,No,2008-11-04,49.6,16.0,225.0,5700.0,MALE,8.38324,-26.84272,Nest never observed with full clutch.
PAL0809,43,(Pygoscelis papua),Anvers,Biscoe,"Adult, 1 Egg Stage",N7A1,Yes,2008-11-04,45.3,13.7,210.0,4300.0,FEMALE,8.37615,-26.72791,No comment found
PAL0809,44,(Pygoscelis papua),Anvers,Biscoe,"Adult, 1 Egg Stage",N7A2,Yes,2008-11-04,49.6,15.0,216.0,4750.0,MALE,8.26548,-26.7699,No comment found
PAL0809,45,(Pygoscelis papua),Anvers,Biscoe,"Adult, 1 Egg Stage",N8A1,Yes,2008-11-03,50.5,15.9,222.0,5550.0,MALE,8.46894,-26.60436,No comment found
PAL0809,46,(Pygoscelis papua),Anvers,Biscoe,"Adult, 1 Egg Stage",N8A2,Yes,2008-11-03,43.6,13.9,217.0,4900.0,FEMALE,8.27141,-26.7765,No comment found
PAL0809,47,(Pygoscelis papua),Anvers,Biscoe,"Adult, 1 Egg Stage",N11A1,No,2008-11-09,45.5,13.9,210.0,4200.0,FEMALE,8.47829,-26.61788,Nest never observed with full clutch.
PAL0809,48,(Pygoscelis papua),Anvers,Biscoe,"Adult, 1 Egg Stage",N11A2,No,2008-11-09,50.5,15.9,225.0,5400.0,MALE,8.65803,-26.57585,Nest never observed with full clutch.
PAL0809,49,(Pygoscelis papua),Anvers,Biscoe,"Adult, 1 Egg Stage",N12A1,Yes,2008-11-02,44.9,13.3,213.0,5100.0,FEMALE,8.45167,-26.89644,No comment found
PAL0809,50,(Pygoscelis papua),Anvers,Biscoe,"Adult, 1 Egg Stage",N12A2,Yes,2008-11-02,45.2,15.8,215.0,5300.0,MALE,8.55868,-26.67799,No comment found
PAL0809,51,(Pygoscelis papua),Anvers,Biscoe,"Adult, 1 Egg Stage",N13A1,Yes,2008-11-04,46.6,14.2,210.0,4850.0,FEMALE,8.38289,-26.86352,No comment found
PAL0809,52,(Pygoscelis papua),Anvers,Biscoe,"Adult, 1 Egg Stage",N13A2,Yes,2008-11-04,48.5,14.1,220.0,5300.0,MALE,8.39867,-26.79358,No comment found
PAL0809,53,(Pygoscelis papua),Anvers,Biscoe,"Adult, 1 Egg Stage",N14A1,Yes,2008-11-04,45.1,14.4,210.0,4400.0,FEMALE,8.51951,-27.01854,No comment found
PAL0809,54,(Pygoscelis papua),Anvers,Biscoe,"Adult, 1 Egg Stage",N14A2,Yes,2008-11-04,50.1,15.0,225.0,5000.0,MALE,8.50153,-26.61414,No comment found
PAL0809,55,(Pygoscelis papua),Anvers,Biscoe,"Adult, 1 Egg Stage",N15A1,Yes,2008-11-04,46.5,14.4,217.0,4900.0,FEMALE,8.48789,-26.83006,No comment found
PAL0809,56,(Pygoscelis papua),Anvers,Biscoe,"Adult, 1 Egg Stage",N15A2,Yes,2008-11-04,45.0,15.4,220.0,5050.0,MALE,8.63488,-26.75621,No comment found
PAL0809,57,(Pygoscelis papua),Anvers,Biscoe,"Adult, 1 Egg Stage",N16A1,Yes,2008-11-03,43.8,13.9,208.0,4300.0,FEMALE,8.58319,-26.84415,No comment found
PAL0809,58,(Pygoscelis papua),Anvers,Biscoe,"Adult, 1 Egg Stage",N16A2,Yes,2008-11-03,45.5,15.0,220.0,5000.0,MALE,8.63604,-26.7489,No comment found
PAL0809,59,(Pygoscelis papua),Anvers,Biscoe,"Adult, 1 Egg Stage",N17A1,Yes,2008-11-06,43.2,14.5,208.0,4450.0,FEMALE,8.48367,-26.86485,No comment found
PAL0809,60,(Pygoscelis papua),Anvers,Biscoe,"Adult, 1 Egg Stage",N17A2,Yes,2008-11-06,50.4,15.3,224.0,5550.0,MALE,8.74647,-26.79846,No comment found
PAL0809,61,(Pygoscelis papua),Anvers,Biscoe,"Adult, 1 Egg Stage",N18A1,Yes,2008-11-03,45.3,13.8,208.0,4200.0,FEMALE,8.65015,-26.79053,No comment found
PAL0809,62,(Pygoscelis papua),Anvers,Biscoe,"Adult, 1 Egg Stage",N18A2,Yes,2008-11-03,46.2,14.9,221.0,5300.0,MALE,8.60092,-26.84374,No comment found
PAL0809,63,(Pygoscelis papua),Anvers,Biscoe,"Adult, 1 Egg Stage",N19A1,Yes,2008-11-13,45.7,13.9,214.0,4400.0,FEMALE,8.6287,-26.60484,No comment found
PAL0809,64,(Pygoscelis papua),Anvers,Biscoe,"Adult, 1 Egg Stage",N19A2,Yes,2008-11-13,54.3,15.7,231.0,5650.0,MALE,8.49662,-26.84166,No comment found
PAL0809,65,(Pygoscelis papua),Anvers,Biscoe,"Adult, 1 Egg Stage",N20A1,Yes,2008-11-04,45.8,14.2,219.0,4700.0,FEMALE,8.60447,-26.61601,No comment found
PAL0809,66,(Pygoscelis papua),Anvers,Biscoe,"Adult, 1 Egg Stage",N20A2,Yes,2008-11-04,49.8,16.8,230.0,5700.0,MALE,8.47067,-26.69166,No comment found
PAL0809,68,(Pygoscelis papua),Anvers,Biscoe,"Adult, 1 Egg Stage",N51A2,Yes,2008-11-09,49.5,16.2,229.0,5800.0,MALE,8.49854,-26.74809,No comment found
PAL0809,69,(Pygoscelis papua),Anvers,Biscoe,"Adult, 1 Egg Stage",N53A1,Yes,2008-11-13,43.5,14.2,220.0,4700.0,FEMALE,8.64931,-26.68867,No comment found
PAL0809,70,(Pygoscelis papua),Anvers,Biscoe,"Adult, 1 Egg Stage",N53A2,Yes,2008-11-13,50.7,15.0,223.0,5550.0,MALE,8.63551,-26.74249,No comment found
PAL0809,71,(Pygoscelis papua),Anvers,Biscoe,"Adult, 1 Egg Stage",N54A1,Yes,2008-11-03,47.7,15.0,216.0,4750.0,FEMALE,8.53018,-26.72751,No comment found
PAL0809,72,(Pygoscelis papua),Anvers,Biscoe,"Adult, 1 Egg Stage",N54A2,Yes,2008-11-03,46.4,15.6,221.0,5000.0,MALE,8.35078,-26.70783,No comment found
PAL0809,73,(Pygoscelis papua),Anvers,Biscoe,"Adult, 1 Egg Stage",N55A1,Yes,2008-11-09,48.2,15.6,221.0,5100.0,MALE,8.24651,-26.66958,No comment found
PAL0809,74,(Pygoscelis papua),Anvers,Biscoe,"Adult, 1 Egg Stage",N55A2,Yes,2008-11-09,46.5,14.8,217.0,5200.0,FEMALE,8.58487,-26.5929,No comment found
PAL0809,75,(Pygoscelis papua),Anvers,Biscoe,"Adult, 1 Egg Stage",N56A1,Yes,2008-11-06,46.4,15.0,216.0,4700.0,FEMALE,8.47938,-26.9547,No comment found
PAL0809,76,(Pygoscelis papua),Anvers,Biscoe,"Adult, 1 Egg Stage",N56A2,Yes,2008-11-06,48.6,16.0,230.0,5800.0,MALE,8.5964,-26.71199,No comment found
PAL0809,77,(Pygoscelis papua),Anvers,Biscoe,"Adult, 1 Egg Stage",N58A1,Yes,2008-11-06,47.5,14.2,209.0,4600.0,FEMALE,8.39299,-26.78733,No comment found
PAL0809,78,(Pygoscelis papua),Anvers,Biscoe,"Adult, 1 Egg Stage",N58A2,Yes,2008-11-06,51.1,16.3,220.0,6000.0,MALE,8.40327,-26.76821,No comment found
PAL0809,79,(Pygoscelis papua),Anvers,Biscoe,"Adult, 1 Egg Stage",N60A1,Yes,2008-11-09,45.2,13.8,215.0,4750.0,FEMALE,8.24694,-26.65359,No comment found
PAL0809,80,(Pygoscelis papua),Anvers,Biscoe,"Adult, 1 Egg Stage",N60A2,Yes,2008-11-09,45.2,16.4,223.0,5950.0,MALE,8.19749,-26.65931,No comment found
PAL0910,81,(Pygoscelis papua),Anvers,Biscoe,"Adult, 1 Egg Stage",N1A1,Yes,2009-11-18,49.1,14.5,212.0,4625.0,FEMALE,8.35802,-26.2766,No comment found
PAL0910,82,(Pygoscelis papua),Anvers,Biscoe,"Adult, 1 Egg Stage",N1A2,Yes,2009-11-18,52.5,15.6,221.0,5450.0,MALE,8.28601,-26.27573,No comment found
PAL0910,83,(Pygoscelis papua),Anvers,Biscoe,"Adult, 1 Egg Stage",N6A1,Yes,2009-11-15,47.4,14.6,212.0,4725.0,FEMALE,8.19101,-26.24369,No comment found
PAL0910,84,(Pygoscelis papua),Anvers,Biscoe,"Adult, 1 Egg Stage",N6A2,Yes,2009-11-15,50.0,15.9,224.0,5350.0,MALE,8.20042,-26.39677,No comment found
PAL0910,85,(Pygoscelis papua),Anvers,Biscoe,"Adult, 1 Egg Stage",N8A1,Yes,2009-11-22,44.9,13.8,212.0,4750.0,FEMALE,8.11238,-26.20372,No comment found
PAL0910,86,(Pygoscelis papua),Anvers,Biscoe,"Adult, 1 Egg Stage",N8A2,Yes,2009-11-22,50.8,17.3,228.0,5600.0,MALE,8.27428,-26.30019,No comment found
PAL0910,87,(Pygoscelis papua),Anvers,Biscoe,"Adult, 1 Egg Stage",N13A1,Yes,2009-11-20,43.4,14.4,218.0,4600.0,FEMALE,8.23468,-26.18599,No comment found
PAL0910,88,(Pygoscelis papua),Anvers,Biscoe,"Adult, 1 Egg Stage",N13A2,Yes,2009-11-20,51.3,14.2,218.0,5300.0,MALE,8.15426,-26.3433,No comment found
PAL0910,89,(Pygoscelis papua),Anvers,Biscoe,"Adult, 1 Egg Stage",N14A1,Yes,2009-11-25,47.5,14.0,212.0,4875.0,FEMALE,8.12691,-26.23613,No comment found
PAL0910,90,(Pygoscelis papua),Anvers,Biscoe,"Adult, 1 Egg Stage",N14A2,Yes,2009-11-25,52.1,17.0,230.0,5550.0,MALE,8.27595,-26.11657,No comment found
PAL0910,91,(Pygoscelis papua),Anvers,Biscoe,"Adult, 1 Egg Stage",N15A1,Yes,2009-11-25,47.5,15.0,218.0,4950.0,FEMALE,8.29671,-26.08547,No comment found
PAL0910,92,(Pygoscelis papua),Anvers,Biscoe,"Adult, 1 Egg Stage",N15A2,Yes,2009-11-25,52.2,17.1,228.0,5400.0,MALE,8.36701,-25.89834,No comment found
PAL0910,93,(Pygoscelis papua),Anvers,Biscoe,"Adult, 1 Egg Stage",N18A1,Yes,2009-12-01,45.5,14.5,212.0,4750.0,FEMALE,8.15566,-26.22848,No comment found
PAL0910,94,(Pygoscelis papua),Anvers,Biscoe,"Adult, 1 Egg Stage",N18A2,Yes,2009-12-01,49.5,16.1,224.0,5650.0,MALE,8.83352,-25.69195,No comment found
PAL0910,95,(Pygoscelis papua),Anvers,Biscoe,"Adult, 1 Egg Stage",N19A1,Yes,2009-11-27,44.5,14.7,214.0,4850.0,FEMALE,8.20106,-26.16524,No comment found
PAL0910,96,(Pygoscelis papua),Anvers,Biscoe,"Adult, 1 Egg Stage",N19A2,Yes,2009-11-27,50.8,15.7,226.0,5200.0,MALE,8.27102,-26.11244,No comment found
PAL0910,97,(Pygoscelis papua),Anvers,Biscoe,"Adult, 1 Egg Stage",N20A1,Yes,2009-11-18,49.4,15.8,216.0,4925.0,MALE,8.03624,-26.06594,No comment found
PAL0910,98,(Pygoscelis papua),Anvers,Biscoe,"Adult, 1 Egg Stage",N20A2,Yes,2009-11-18,46.9,14.6,222.0,4875.0,FEMALE,7.8881,-26.04726,No comment found
PAL0910,99,(Pygoscelis papua),Anvers,Biscoe,"Adult, 1 Egg Stage",N21A1,Yes,2009-11-18,48.4,14.4,203.0,4625.0,FEMALE,8.16582,-26.13971,No comment found
PAL0910,100,(Pygoscelis papua),Anvers,Biscoe,"Adult, 1 Egg Stage",N21A2,Yes,2009-11-18,51.1,16.5,225.0,5250.0,MALE,8.2066,-26.36863,No comment found
PAL0910,101,(Pygoscelis papua),Anvers,Biscoe,"Adult, 1 Egg Stage",N22A1,Yes,2009-11-22,48.5,15.0,219.0,4850.0,FEMALE,8.10231,-26.18763,No comment found
PAL0910,102,(Pygoscelis papua),Anvers,Biscoe,"Adult, 1 Egg Stage",N22A2,Yes,2009-11-22,55.9,17.0,228.0,5600.0,MALE,8.3118,-26.35425,No comment found
PAL0910,103,(Pygoscelis papua),Anvers,Biscoe,"Adult, 1 Egg Stage",N23A1,Yes,2009-11-18,47.2,15.5,215.0,4975.0,FEMALE,8.30817,-26.21651,No comment found
PAL0910,104,(Pygoscelis papua),Anvers,Biscoe,"Adult, 1 Egg Stage",N23A2,Yes,2009-11-18,49.1,15.0,228.0,5500.0,MALE,8.65914,-25.79203,No comment found
PAL0910,106,(Pygoscelis papua),Anvers,Biscoe,"Adult, 1 Egg Stage",N24A2,Yes,2009-12-01,46.8,16.1,215.0,5500.0,MALE,8.32359,-26.05756,No comment found
PAL0910,107,(Pygoscelis papua),Anvers,Biscoe,"Adult, 1 Egg Stage",N28A1,Yes,2009-11-10,41.7,14.7,210.0,4700.0,FEMALE,8.12311,-26.44815,No comment found
PAL0910,108,(Pygoscelis papua),Anvers,Biscoe,"Adult, 1 Egg Stage",N28A2,Yes,2009-11-10,53.4,15.8,219.0,5500.0,MALE,8.41017,-26.33867,No comment found
PAL0910,109,(Pygoscelis papua),Anvers,Biscoe,"Adult, 1 Egg Stage",N29A1,Yes,2009-11-09,43.3,14.0,208.0,4575.0,FEMALE,8.4207,-26.38092,No comment found
PAL0910,110,(Pygoscelis papua),Anvers,Biscoe,"Adult, 1 Egg Stage",N29A2,Yes,2009-11-09,48.1,15.1,209.0,5500.0,MALE,8.45738,-26.22664,No comment found
PAL0910,111,(Pygoscelis papua),Anvers,Biscoe,"Adult, 1 Egg Stage",N32A1,Yes,2009-11-20,50.5,15.2,216.0,5000.0,FEMALE,8.24691,-26.18466,No comment found
PAL0910,112,(Pygoscelis papua),Anvers,Biscoe,"Adult, 1 Egg Stage",N32A2,Yes,2009-11-20,49.8,15.9,229.0,5950.0,MALE,8.29226,-26.21019,No comment found
PAL0910,113,(Pygoscelis papua),Anvers,Biscoe,"Adult, 1 Egg Stage",N34A1,Yes,2009-11-27,43.5,15.2,213.0,4650.0,FEMALE,8.21634,-26.11046,No comment found
PAL0910,114,(Pygoscelis papua),Anvers,Biscoe,"Adult, 1 Egg Stage",N34A2,Yes,2009-11-27,51.5,16.3,230.0,5500.0,MALE,8.78557,-25.76147,No comment found
PAL0910,115,(Pygoscelis papua),Anvers,Biscoe,"Adult, 1 Egg Stage",N35A1,Yes,2009-11-25,46.2,14.1,217.0,4375.0,FEMALE,8.30231,-25.96013,No comment found
PAL0910,116,(Pygoscelis papua),Anvers,Biscoe,"Adult, 1 Egg Stage",N35A2,Yes,2009-11-25,55.1,16.0,230.0,5850.0,MALE,8.08354,-26.18161,No comment found
PAL0910,118,(Pygoscelis papua),Anvers,Biscoe,"Adult, 1 Egg Stage",N36A2,Yes,2009-12-01,48.8,16.2,222.0,6000.0,MALE,8.33825,-25.88547,No comment found
PAL0910,119,(Pygoscelis papua),Anvers,Biscoe,"Adult, 1 Egg Stage",N38A1,No,2009-12-01,47.2,13.7,214.0,4925.0,FEMALE,7.99184,-26.20538,Nest never observed with full clutch.
PAL0910,121,(Pygoscelis papua),Anvers,Biscoe,"Adult, 1 Egg Stage",N39A1,Yes,2009-11-22,46.8,14.3,215.0,4850.0,FEMALE,8.41151,-26.13832,No comment found
PAL0910,122,(Pygoscelis papua),Anvers,Biscoe,"Adult, 1 Egg Stage",N39A2,Yes,2009-11-22,50.4,15.7,222.0,5750.0,MALE,8.30166,-26.04117,No comment found
PAL0910,123,(Pygoscelis papua),Anvers,Biscoe,"Adult, 1 Egg Stage",N43A1,Yes,2009-11-22,45.2,14.8,212.0,5200.0,FEMALE,8.24246,-26.11969,No comment found
PAL0910,124,(Pygoscelis papua),Anvers,Biscoe,"Adult, 1 Egg Stage",N43A2,Yes,2009-11-22,49.9,16.1,213.0,5400.0,MALE,8.3639,-26.15531,No comment found
PAL0708,1,(Pygoscelis antarctica),Anvers,Dream,"Adult, 1 Egg Stage",N61A1,No,2007-11-19,46.5,17.9,192.0,3500.0,FEMALE,9.03935,-24.30229,Nest never observed with full clutch.
PAL0708,2,(Pygoscelis antarctica),Anvers,Dream,"Adult, 1 Egg Stage",N61A2,No,2007-11-19,50.0,19.5,196.0,3900.0,MALE,8.92069,-24.23592,Nest never observed with full clutch.
PAL0708,3,(Pygoscelis antarctica),Anvers,Dream,"Adult, 1 Egg Stage",N62A1,Yes,2007-11-26,51.3,19.2,193.0,3650.0,MALE,9.29078,-24.7557,No comment found
PAL0708,4,(Pygoscelis antarctica),Anvers,Dream,"Adult, 1 Egg Stage",N62A2,Yes,2007-11-26,45.4,18.7,188.0,3525.0,FEMALE,8.64701,-24.62717,No comment found
PAL0708,5,(Pygoscelis antarctica),Anvers,Dream,"Adult, 1 Egg Stage",N64A1,Yes,2007-11-21,52.7,19.8,197.0,3725.0,MALE,9.00642,-24.61867,No comment found
PAL0708,6,(Pygoscelis antarctica),Anvers,Dream,"Adult, 1 Egg Stage",N64A2,Yes,2007-11-21,45.2,17.8,198.0,3950.0,FEMALE,8.88942,-24.49433,No comment found
PAL0708,7,(Pygoscelis antarctica),Anvers,Dream,"Adult, 1 Egg Stage",N66A1,Yes,2007-11-28,46.1,18.2,178.0,3250.0,FEMALE,8.85664,-24.55644,No comment found
PAL0708,8,(Pygoscelis antarctica),Anvers,Dream,"Adult, 1 Egg Stage",N66A2,Yes,2007-11-28,51.3,18.2,197.0,3750.0,MALE,8.63701,-24.84059,No comment found
PAL0708,9,(Pygoscelis antarctica),Anvers,Dream,"Adult, 1 Egg Stage",N67A1,Yes,2007-11-21,46.0,18.9,195.0,4150.0,FEMALE,8.47173,-24.29229,No comment found
PAL0708,10,(Pygoscelis antarctica),Anvers,Dream,"Adult, 1 Egg Stage",N67A2,Yes,2007-11-21,51.3,19.9,198.0,3700.0,MALE,8.79581,-24.36088,No comment found
PAL0708,11,(Pygoscelis antarctica),Anvers,Dream,"Adult, 1 Egg Stage",N68A1,Yes,2007-11-28,46.6,17.8,193.0,3800.0,FEMALE,8.95063,-24.59897,No comment found
PAL0708,12,(Pygoscelis antarctica),Anvers,Dream,"Adult, 1 Egg Stage",N68A2,Yes,2007-11-28,51.7,20.3,194.0,3775.0,MALE,8.68747,-24.38751,No comment found
PAL0708,13,(Pygoscelis antarctica),Anvers,Dream,"Adult, 1 Egg Stage",N69A1,Yes,2007-11-26,47.0,17.3,185.0,3700.0,FEMALE,8.72037,-24.80526,No comment found
PAL0708,14,(Pygoscelis antarctica),Anvers,Dream,"Adult, 1 Egg Stage",N69A2,Yes,2007-11-26,52.0,18.1,201.0,4050.0,MALE,9.0233,-24.38933,No comment found
PAL0708,15,(Pygoscelis antarctica),Anvers,Dream,"Adult, 1 Egg Stage",N70A1,Yes,2007-11-22,45.9,17.1,190.0,3575.0,FEMALE,9.12277,-24.90024,No comment found
PAL0708,16,(Pygoscelis antarctica),Anvers,Dream,"Adult, 1 Egg Stage",N70A2,Yes,2007-11-22,50.5,19.6,201.0,4050.0,MALE,9.8059,-24.7294,No comment found
PAL0708,17,(Pygoscelis antarctica),Anvers,Dream,"Adult, 1 Egg Stage",N71A1,No,2007-11-30,50.3,20.0,197.0,3300.0,MALE,10.02019,-24.54704,Nest never observed with full clutch.
PAL0708,18,(Pygoscelis antarctica),Anvers,Dream,"Adult, 1 Egg Stage",N71A2,No,2007-11-30,58.0,17.8,181.0,3700.0,FEMALE,9.14382,-24.57994,Nest never observed with full clutch.
PAL0708,19,(Pygoscelis antarctica),Anvers,Dream,"Adult, 1 Egg Stage",N72A1,Yes,2007-11-30,46.4,18.6,190.0,3450.0,FEMALE,9.32105,-24.64162,No comment found
PAL0708,20,(Pygoscelis antarctica),Anvers,Dream,"Adult, 1 Egg Stage",N72A2,Yes,2007-11-30,49.2,18.2,195.0,4400.0,MALE,9.27158,-24.64335,No comment found
PAL0708,21,(Pygoscelis antarctica),Anvers,Dream,"Adult, 1 Egg Stage",N73A1,Yes,2007-12-03,42.4,17.3,181.0,3600.0,FEMALE,9.35138,-24.6879,No comment found
PAL0708,22,(Pygoscelis antarctica),Anvers,Dream,"Adult, 1 Egg Stage",N73A2,Yes,2007-12-03,48.5,17.5,191.0,3400.0,MALE,9.42666,-24.26375,No comment found
PAL0708,23,(Pygoscelis antarctica),Anvers,Dream,"Adult, 1 Egg Stage",N85A1,No,2007-11-28,43.2,16.6,187.0,2900.0,FEMALE,9.35416,-25.01185,Nest never observed with full clutch.
PAL0708,24,(Pygoscelis antarctica),Anvers,Dream,"Adult, 1 Egg Stage",N85A2,No,2007-11-28,50.6,19.4,193.0,3800.0,MALE,9.28153,-24.97134,Nest never observed with full clutch.
PAL0708,25,(Pygoscelis antarctica),Anvers,Dream,"Adult, 1 Egg Stage",N89A1,No,2007-11-28,46.7,17.9,195.0,3300.0,FEMALE,9.74144,-24.59467,Nest never observed with full clutch.
PAL0708,26,(Pygoscelis antarctica),Anvers,Dream,"Adult, 1 Egg Stage",N89A2,No,2007-11-28,52.0,19.0,197.0,4150.0,MALE,9.36799,-24.47142,Nest never observed with full clutch.
PAL0809,27,(Pygoscelis antarctica),Anvers,Dream,"Adult, 1 Egg Stage",N61A1,No,2008-11-25,50.5,18.4,200.0,3400.0,FEMALE,8.9399,-23.89017,Nest never observed with full clutch.
PAL0809,28,(Pygoscelis antarctica),Anvers,Dream,"Adult, 1 Egg Stage",N61A2,No,2008-11-25,49.5,19.0,200.0,3800.0,MALE,9.63074,-24.34684,Nest never observed with full clutch.
PAL0809,29,(Pygoscelis antarctica),Anvers,Dream,"Adult, 1 Egg Stage",N62A1,Yes,2008-11-14,46.4,17.8,191.0,3700.0,FEMALE,9.37369,-24.52896,No comment found
PAL0809,30,(Pygoscelis antarctica),Anvers,Dream,"Adult, 1 Egg Stage",N62A2,Yes,2008-11-14,52.8,20.0,205.0,4550.0,MALE,9.25177,-24.69638,No comment found
PAL0809,31,(Pygoscelis antarctica),Anvers,Dream,"Adult, 1 Egg Stage",N63A1,Yes,2008-11-24,40.9,16.6,187.0,3200.0,FEMALE,9.08458,-24.54903,No comment found
PAL0809,32,(Pygoscelis antarctica),Anvers,Dream,"Adult, 1 Egg Stage",N63A2,Yes,2008-11-24,54.2,20.8,201.0,4300.0,MALE,9.49283,-24.59996,No comment found
PAL0809,33,(Pygoscelis antarctica),Anvers,Dream,"Adult, 1 Egg Stage",N65A1,Yes,2008-11-24,42.5,16.7,187.0,3350.0,FEMALE,9.36668,-24.45195,No comment found
PAL0809,34,(Pygoscelis antarctica),Anvers,Dream,"Adult, 1 Egg Stage",N65A2,Yes,2008-11-24,51.0,18.8,203.0,4100.0,MALE,9.23196,-24.17282,No comment found
PAL0809,35,(Pygoscelis antarctica),Anvers,Dream,"Adult, 1 Egg Stage",N67A1,Yes,2008-11-25,49.7,18.6,195.0,3600.0,MALE,9.75486,-24.31198,No comment found
PAL0809,36,(Pygoscelis antarctica),Anvers,Dream,"Adult, 1 Egg Stage",N67A2,Yes,2008-11-25,47.5,16.8,199.0,3900.0,FEMALE,9.07825,-25.1455,No comment found
PAL0809,37,(Pygoscelis antarctica),Anvers,Dream,"Adult, 1 Egg Stage",N69A1,Yes,2008-11-14,47.6,18.3,195.0,3850.0,FEMALE,8.83502,-24.65859,No comment found
PAL0809,38,(Pygoscelis antarctica),Anvers,Dream,"Adult, 1 Egg Stage",N69A2,Yes,2008-11-14,52.0,20.7,210.0,4800.0,MALE,9.43146,-24.6844,No comment found
PAL0809,39,(Pygoscelis antarctica),Anvers,Dream,"Adult, 1 Egg Stage",N72A1,No,2008-11-24,46.9,16.6,192.0,2700.0,FEMALE,9.80589,-24.73735,Nest never observed with full clutch.
PAL0809,40,(Pygoscelis antarctica),Anvers,Dream,"Adult, 1 Egg Stage",N72A2,No,2008-11-24,53.5,19.9,205.0,4500.0,MALE,10.02544,-24.90816,Nest never observed with full clutch.
PAL0809,41,(Pygoscelis antarctica),Anvers,Dream,"Adult, 1 Egg Stage",N74A1,Yes,2008-11-24,49.0,19.5,210.0,3950.0,MALE,9.53262,-24.66867,No comment found
PAL0809,42,(Pygoscelis antarctica),Anvers,Dream,"Adult, 1 Egg Stage",N74A2,Yes,2008-11-24,46.2,17.5,187.0,3650.0,FEMALE,9.61734,-24.66188,No comment found
PAL0809,43,(Pygoscelis antarctica),Anvers,Dream,"Adult, 1 Egg Stage",N75A1,Yes,2008-11-14,50.9,19.1,196.0,3550.0,MALE,10.02372,-24.86594,No comment found
PAL0809,44,(Pygoscelis antarctica),Anvers,Dream,"Adult, 1 Egg Stage",N75A2,Yes,2008-11-14,45.5,17.0,196.0,3500.0,FEMALE,9.36493,-24.66259,No comment found
PAL0910,45,(Pygoscelis antarctica),Anvers,Dream,"Adult, 1 Egg Stage",N86A1,Yes,2009-11-17,50.9,17.9,196.0,3675.0,FEMALE,9.43684,-24.16566,No comment found
PAL0910,46,(Pygoscelis antarctica),Anvers,Dream,"Adult, 1 Egg Stage",N86A2,Yes,2009-11-17,50.8,18.5,201.0,4450.0,MALE,9.45827,-24.35575,No comment found
PAL0910,47,(Pygoscelis antarctica),Anvers,Dream,"Adult, 1 Egg Stage",N87A1,Yes,2009-11-27,50.1,17.9,190.0,3400.0,FEMALE,9.46819,-24.45721,No comment found
PAL0910,48,(Pygoscelis antarctica),Anvers,Dream,"Adult, 1 Egg Stage",N87A2,Yes,2009-11-27,49.0,19.6,212.0,4300.0,MALE,9.34089,-24.45189,No comment found
PAL0910,49,(Pygoscelis antarctica),Anvers,Dream,"Adult, 1 Egg Stage",N88A1,Yes,2009-11-23,51.5,18.7,187.0,3250.0,MALE,9.6895,-24.43062,No comment found
PAL0910,50,(Pygoscelis antarctica),Anvers,Dream,"Adult, 1 Egg Stage",N88A2,Yes,2009-11-23,49.8,17.3,198.0,3675.0,FEMALE,9.32169,-24.41562,No comment found
PAL0910,51,(Pygoscelis antarctica),Anvers,Dream,"Adult, 1 Egg Stage",N90A1,Yes,2009-11-21,48.1,16.4,199.0,3325.0,FEMALE,9.46929,-24.48403,No comment found
PAL0910,52,(Pygoscelis antarctica),Anvers,Dream,"Adult, 1 Egg Stage",N90A2,Yes,2009-11-21,51.4,19.0,201.0,3950.0,MALE,9.43782,-24.36202,No comment found
PAL0910,53,(Pygoscelis antarctica),Anvers,Dream,"Adult, 1 Egg Stage",N92A1,Yes,2009-11-23,45.7,17.3,193.0,3600.0,FEMALE,9.415,-24.805,No comment found
PAL0910,54,(Pygoscelis antarctica),Anvers,Dream,"Adult, 1 Egg Stage",N92A2,Yes,2009-11-23,50.7,19.7,203.0,4050.0,MALE,9.93727,-24.59066,No comment found
PAL0910,55,(Pygoscelis antarctica),Anvers,Dream,"Adult, 1 Egg Stage",N93A1,Yes,2009-11-27,42.5,17.3,187.0,3350.0,FEMALE,9.56534,-24.60882,No comment found
PAL0910,56,(Pygoscelis antarctica),Anvers,Dream,"Adult, 1 Egg Stage",N93A2,Yes,2009-11-27,52.2,18.8,197.0,3450.0,MALE,9.77528,-24.56481,No comment found
PAL0910,57,(Pygoscelis antarctica),Anvers,Dream,"Adult, 1 Egg Stage",N94A1,Yes,2009-11-21,45.2,16.6,191.0,3250.0,FEMALE,9.62357,-24.78984,No comment found
PAL0910,58,(Pygoscelis antarctica),Anvers,Dream,"Adult, 1 Egg Stage",N94A2,Yes,2009-11-21,49.3,19.9,203.0,4050.0,MALE,9.88809,-24.59513,No comment found
PAL0910,59,(Pygoscelis antarctica),Anvers,Dream,"Adult, 1 Egg Stage",N95A1,Yes,2009-11-21,50.2,18.8,202.0,3800.0,MALE,9.74492,-24.404,No comment found
PAL0910,60,(Pygoscelis antarctica),Anvers,Dream,"Adult, 1 Egg Stage",N95A2,Yes,2009-11-21,45.6,19.4,194.0,3525.0,FEMALE,9.46985,-24.65786,No comment found
PAL0910,62,(Pygoscelis antarctica),Anvers,Dream,"Adult, 1 Egg Stage",N96A2,Yes,2009-11-27,46.8,16.5,189.0,3650.0,FEMALE,9.65061,-24.48153,No comment found
PAL0910,63,(Pygoscelis antarctica),Anvers,Dream,"Adult, 1 Egg Stage",N98A1,Yes,2009-11-19,45.7,17.0,195.0,3650.0,FEMALE,9.26715,-24.31912,No comment found
PAL0910,64,(Pygoscelis antarctica),Anvers,Dream,"Adult, 1 Egg Stage",N98A2,Yes,2009-11-19,55.8,19.8,207.0,4000.0,MALE,9.70465,-24.53494,No comment found
PAL0910,65,(Pygoscelis antarctica),Anvers,Dream,"Adult, 1 Egg Stage",N99A1,No,2009-11-21,43.5,18.1,202.0,3400.0,FEMALE,9.37608,-24.40753,Nest never observed with full clutch.
PAL0910,66,(Pygoscelis antarctica),Anvers,Dream,"Adult, 1 Egg Stage",N99A2,No,2009-11-21,49.6,18.2,193.0,3775.0,MALE,9.4618,-24.70615,Nest never observed with full clutch.
PAL0910,67,(Pygoscelis antarctica),Anvers,Dream,"Adult, 1 Egg Stage",N100A1,Yes,2009-11-21,50.8,19.0,210.0,4100.0,MALE,9.98044,-24.68741,No comment found
PAL0910,68,(Pygoscelis antarctica),Anvers,Dream,"Adult, 1 Egg Stage",N100A2,Yes,2009-11-21,50.2,18.7,198.0,3775.0,FEMALE,9.39305,-24.25255,No comment found
